<?xml version="1.0" encoding="UTF-8"?>
<!-- generated by createXML.pl from amusementPark.rspudd
Thu Jul 27 14:32:23 EDT 2006
 -->

<!DOCTYPE data [
		<!ELEMENT data (attributes, archetypes, actions, start_state, 
			discount, tolerance)>
		<!ELEMENT attributes (attribute+)>
		<!ELEMENT attribute (name,
			((description, value*) | (preference*) | (value*)))>
		<!ELEMENT name (#PCDATA)>
		<!ELEMENT description (#PCDATA)>
		<!ELEMENT value (#PCDATA | name | description)*>
		<!ELEMENT archetypes (prefs+)>
		<!ELEMENT prefs (name, description, attribute+)>
		<!ELEMENT preference (value, utility)>
		<!ELEMENT utility (#PCDATA)>
		<!ELEMENT label (#PCDATA)>
		<!ELEMENT discount (#PCDATA)>
		<!ELEMENT tolerance (#PCDATA)>
		<!ELEMENT actions (action*)>
		<!ELEMENT start_state (attribute*)>
		<!ELEMENT action (name, label, description, fragment*)>
		<!ELEMENT fragment (name, edge+)>
		<!ELEMENT edge (cpt | depends)>
		<!ELEMENT cpt (prob+)>
		<!ELEMENT prob (#PCDATA)>
		<!ELEMENT depends (name, edge+)>
		<!ATTLIST edge value CDATA #REQUIRED>
		<!ATTLIST prob value CDATA #REQUIRED>
	]>

<data>

<attributes>
	<attribute>
		<name>age</name>
		<description>How old am I?</description>
		<value><name>kid</name>
			<description>I am under 12</description>
		</value>
		<value><name>teen</name>
			<description>I am a teenager</description>
		</value>
		<value><name>adult</name>
			<description>I am 20 or older</description>
		</value>
	</attribute>
	<attribute>
		<name>thrillLevel</name>
		<description>How much am I thrilled?</description>
		<value><name>level0</name>
			<description>Not thrilled recently</description>
		</value>
		<value><name>level1</name>
			<description>Slightly thrilled recently</description>
		</value>
		<value><name>level2</name>
			<description>Fairly thrilled recently</description>
		</value>
		<value><name>level3</name>
			<description>Very thrilled recently</description>
		</value>
	</attribute>
	<attribute>
		<name>soakLevel</name>
		<description>How wet have I gotten?</description>
		<value><name>level0</name>
			<description>Not wet recently</description>
		</value>
		<value><name>level1</name>
			<description>Slightly wet recently</description>
		</value>
		<value><name>level2</name>
			<description>Fairly wet recently</description>
		</value>
		<value><name>level3</name>
			<description>Very wet recently</description>
		</value>
	</attribute>
	<attribute>
		<name>showLevel</name>
		<description>How many shows have I seen?</description>
		<value><name>level0</name>
			<description>No shows recently</description>
		</value>
		<value><name>level1</name>
			<description>Some shows recently</description>
		</value>
		<value><name>level2</name>
			<description>Lots of shows recently</description>
		</value>
	</attribute>
	<attribute>
		<name>happy</name>
		<description>Am I having a good time?</description>
		<value><name>no</name>
			<description>I am having a lousy time</description>
		</value>
		<value><name>yes</name>
			<description>I am having a good time</description>
		</value>
	</attribute>
	<attribute>
		<name>hungry</name>
		<description>Am I hungry?</description>
		<value><name>no</name>
			<description>I am not hungry</description>
		</value>
		<value><name>yes</name>
			<description>I am hungry</description>
		</value>
	</attribute>
	<attribute>
		<name>thirsty</name>
		<description>Am I thirsty?</description>
		<value><name>no</name>
			<description>I am not thirsty</description>
		</value>
		<value><name>yes</name>
			<description>I am thirsty</description>
		</value>
	</attribute>
	<attribute>
		<name>tired</name>
		<description>Am I tired?</description>
		<value><name>no</name>
			<description>I am not tired</description>
		</value>
		<value><name>yes</name>
			<description>I am tired</description>
		</value>
	</attribute>
</attributes>

<archetypes>
	<prefs><name>ordinary</name>
		<description>I want some of everything.  Physical comfort is less important.</description>
	<attribute><name>thrillLevel</name>
		<preference>
			<value>level0</value><utility>-0.3</utility>
		</preference>
		<preference>
			<value>level1</value><utility>1.0</utility>
		</preference>
		<preference>
			<value>level2</value><utility>1.0</utility>
		</preference>
		<preference>
			<value>level3</value><utility>0.5</utility>
		</preference>
	</attribute>
	<attribute><name>thirsty</name>
		<preference>
			<value>no</value><utility>0.4</utility>
		</preference>
		<preference>
			<value>yes</value><utility>-0.4</utility>
		</preference>
	</attribute>
	<attribute><name>tired</name>
		<preference>
			<value>no</value><utility>0.4</utility>
		</preference>
		<preference>
			<value>yes</value><utility>-0.4</utility>
		</preference>
	</attribute>
	<attribute><name>showLevel</name>
		<preference>
			<value>level0</value><utility>-0.3</utility>
		</preference>
		<preference>
			<value>level1</value><utility>1.0</utility>
		</preference>
		<preference>
			<value>level2</value><utility>0.5</utility>
		</preference>
	</attribute>
	<attribute><name>happy</name>
		<preference>
			<value>no</value><utility>-0.3</utility>
		</preference>
		<preference>
			<value>yes</value><utility>0.3</utility>
		</preference>
	</attribute>
	<attribute><name>hungry</name>
		<preference>
			<value>no</value><utility>0.4</utility>
		</preference>
		<preference>
			<value>yes</value><utility>-0.4</utility>
		</preference>
	</attribute>
	<attribute><name>soakLevel</name>
		<preference>
			<value>level0</value><utility>-0.3</utility>
		</preference>
		<preference>
			<value>level1</value><utility>1.0</utility>
		</preference>
		<preference>
			<value>level2</value><utility>1.0</utility>
		</preference>
		<preference>
			<value>level3</value><utility>0.5</utility>
		</preference>
	</attribute>
	</prefs>
	<prefs><name>averse</name>
		<description>I hate being tired, hungry, and thirsty. I want to be comfortable.</description>
	<attribute><name>thirsty</name>
		<preference>
			<value>no</value><utility>1.0</utility>
		</preference>
		<preference>
			<value>yes</value><utility>-1.0</utility>
		</preference>
	</attribute>
	<attribute><name>tired</name>
		<preference>
			<value>no</value><utility>1.0</utility>
		</preference>
		<preference>
			<value>yes</value><utility>-1.0</utility>
		</preference>
	</attribute>
	<attribute><name>happy</name>
		<preference>
			<value>no</value><utility>-0.8</utility>
		</preference>
		<preference>
			<value>yes</value><utility>0.8</utility>
		</preference>
	</attribute>
	<attribute><name>hungry</name>
		<preference>
			<value>no</value><utility>1.0</utility>
		</preference>
		<preference>
			<value>yes</value><utility>-1.0</utility>
		</preference>
	</attribute>
	</prefs>
	<prefs><name>wild</name>
		<description>Give me thrills!  I never eat, drink, or sleep.</description>
	<attribute><name>thrillLevel</name>
		<preference>
			<value>level3</value><utility>1.0</utility>
		</preference>
	</attribute>
	<attribute><name>showLevel</name>
		<preference>
			<value>level0</value><utility>1.0</utility>
		</preference>
	</attribute>
	<attribute><name>soakLevel</name>
		<preference>
			<value>level3</value><utility>1.0</utility>
		</preference>
	</attribute>
	</prefs>
</archetypes>

<actions>
<action><name>rollerCoaster</name><label>rollerCoaster</label>
	<description>Ride a roller coaster</description>
	<fragment><name>thrillLevel</name>
		<edge value="level0"><cpt>
			<prob value="level0">0.1</prob>
			<prob value="level1">0.9</prob>
			<prob value="level2">0</prob>
			<prob value="level3">0</prob>
		</cpt></edge>
		<edge value="level1"><cpt>
			<prob value="level0">0</prob>
			<prob value="level1">0.1</prob>
			<prob value="level2">0.9</prob>
			<prob value="level3">0</prob>
		</cpt></edge>
		<edge value="level2"><cpt>
			<prob value="level0">0</prob>
			<prob value="level1">0</prob>
			<prob value="level2">0.1</prob>
			<prob value="level3">0.9</prob>
		</cpt></edge>
		<edge value="level3"><cpt>
			<prob value="level0">0</prob>
			<prob value="level1">0</prob>
			<prob value="level2">0</prob>
			<prob value="level3">1</prob>
		</cpt></edge>
	</fragment>
	<fragment><name>thirsty</name>
		<edge value="no"><cpt>
			<prob value="no">0.4</prob>
			<prob value="yes">0.6</prob>
		</cpt></edge>
		<edge value="yes"><cpt>
			<prob value="no">0</prob>
			<prob value="yes">1</prob>
		</cpt></edge>
	</fragment>
	<fragment><name>tired</name>
		<edge value="no"><cpt>
			<prob value="no">0.6</prob>
			<prob value="yes">0.4</prob>
		</cpt></edge>
		<edge value="yes"><cpt>
			<prob value="no">0</prob>
			<prob value="yes">1</prob>
		</cpt></edge>
	</fragment>
	<fragment><name>showLevel</name>
		<edge value="level0">
		<depends><name>age</name>
			<edge value="kid"><cpt>
				<!-- showLevel decrease 0.4 wrt level0 -->
			<prob value="level0">1</prob>
			<prob value="level1">0</prob>
			<prob value="level2">0</prob>
			</cpt></edge>
			<edge value="teen"><cpt>
				<!-- showLevel decrease 0.2 wrt level0 -->
			<prob value="level0">1</prob>
			<prob value="level1">0</prob>
			<prob value="level2">0</prob>
			</cpt></edge>
			<edge value="adult"><cpt>
				<!-- showLevel decrease 0.9 wrt level0 -->
			<prob value="level0">1</prob>
			<prob value="level1">0</prob>
			<prob value="level2">0</prob>
			</cpt></edge>
		</depends></edge>
		<edge value="level1">
		<depends><name>age</name>
			<edge value="kid"><cpt>
				<!-- showLevel decrease 0.4 wrt level1 -->
			<prob value="level0">0.4</prob>
			<prob value="level1">0.6</prob>
			<prob value="level2">0</prob>
			</cpt></edge>
			<edge value="teen"><cpt>
				<!-- showLevel decrease 0.2 wrt level1 -->
			<prob value="level0">0.2</prob>
			<prob value="level1">0.8</prob>
			<prob value="level2">0</prob>
			</cpt></edge>
			<edge value="adult"><cpt>
				<!-- showLevel decrease 0.9 wrt level1 -->
			<prob value="level0">0.9</prob>
			<prob value="level1">0.1</prob>
			<prob value="level2">0</prob>
			</cpt></edge>
		</depends></edge>
		<edge value="level2">
		<depends><name>age</name>
			<edge value="kid"><cpt>
				<!-- showLevel decrease 0.4 wrt level2 -->
			<prob value="level0">0</prob>
			<prob value="level1">0.4</prob>
			<prob value="level2">0.6</prob>
			</cpt></edge>
			<edge value="teen"><cpt>
				<!-- showLevel decrease 0.2 wrt level2 -->
			<prob value="level0">0</prob>
			<prob value="level1">0.2</prob>
			<prob value="level2">0.8</prob>
			</cpt></edge>
			<edge value="adult"><cpt>
				<!-- showLevel decrease 0.9 wrt level2 -->
			<prob value="level0">0</prob>
			<prob value="level1">0.9</prob>
			<prob value="level2">0.1</prob>
			</cpt></edge>
		</depends></edge>
	</fragment>
	<fragment><name>happy</name>
		<edge value="no"><cpt>
			<prob value="no">0.5</prob>
			<prob value="yes">0.5</prob>
		</cpt></edge>
		<edge value="yes"><cpt>
			<prob value="no">0</prob>
			<prob value="yes">1</prob>
		</cpt></edge>
	</fragment>
	<fragment><name>age</name>
		<edge value="kid"><cpt>
			<prob value="kid">1.0</prob>
			<prob value="teen">0.0</prob>
			<prob value="adult">0.0</prob>
		</cpt></edge>
		<edge value="teen"><cpt>
			<prob value="kid">0.0</prob>
			<prob value="teen">1.0</prob>
			<prob value="adult">0.0</prob>
		</cpt></edge>
		<edge value="adult"><cpt>
			<prob value="kid">0.0</prob>
			<prob value="teen">0.0</prob>
			<prob value="adult">1.0</prob>
		</cpt></edge>
	</fragment>
	<fragment><name>hungry</name>
		<edge value="no"><cpt>
			<prob value="no">0.6</prob>
			<prob value="yes">0.4</prob>
		</cpt></edge>
		<edge value="yes"><cpt>
			<prob value="no">0</prob>
			<prob value="yes">1</prob>
		</cpt></edge>
	</fragment>
	<fragment><name>soakLevel</name>
		<edge value="level0"><cpt>
			<prob value="level0">1</prob>
			<prob value="level1">0</prob>
			<prob value="level2">0</prob>
			<prob value="level3">0</prob>
		</cpt></edge>
		<edge value="level1"><cpt>
			<prob value="level0">1</prob>
			<prob value="level1">0</prob>
			<prob value="level2">0</prob>
			<prob value="level3">0</prob>
		</cpt></edge>
		<edge value="level2"><cpt>
			<prob value="level0">0</prob>
			<prob value="level1">1</prob>
			<prob value="level2">0</prob>
			<prob value="level3">0</prob>
		</cpt></edge>
		<edge value="level3"><cpt>
			<prob value="level0">0</prob>
			<prob value="level1">0</prob>
			<prob value="level2">1</prob>
			<prob value="level3">0</prob>
		</cpt></edge>
	</fragment>
</action>
<action><name>waterDunk</name><label>waterDunk</label>
	<description>Ride a water-drop ride</description>
	<fragment><name>thrillLevel</name>
		<edge value="level0"><cpt>
			<prob value="level0">0.1</prob>
			<prob value="level1">0.9</prob>
			<prob value="level2">0</prob>
			<prob value="level3">0</prob>
		</cpt></edge>
		<edge value="level1"><cpt>
			<prob value="level0">0</prob>
			<prob value="level1">0.1</prob>
			<prob value="level2">0.9</prob>
			<prob value="level3">0</prob>
		</cpt></edge>
		<edge value="level2"><cpt>
			<prob value="level0">0</prob>
			<prob value="level1">0</prob>
			<prob value="level2">0.1</prob>
			<prob value="level3">0.9</prob>
		</cpt></edge>
		<edge value="level3"><cpt>
			<prob value="level0">0</prob>
			<prob value="level1">0</prob>
			<prob value="level2">0</prob>
			<prob value="level3">1</prob>
		</cpt></edge>
	</fragment>
	<fragment><name>thirsty</name>
		<edge value="no"><cpt>
			<prob value="no">0.4</prob>
			<prob value="yes">0.6</prob>
		</cpt></edge>
		<edge value="yes"><cpt>
			<prob value="no">0</prob>
			<prob value="yes">1</prob>
		</cpt></edge>
	</fragment>
	<fragment><name>tired</name>
		<edge value="no"><cpt>
			<prob value="no">0.6</prob>
			<prob value="yes">0.4</prob>
		</cpt></edge>
		<edge value="yes"><cpt>
			<prob value="no">0</prob>
			<prob value="yes">1</prob>
		</cpt></edge>
	</fragment>
	<fragment><name>showLevel</name>
		<edge value="level0">
		<depends><name>age</name>
			<edge value="kid"><cpt>
				<!-- showLevel decrease 0.4 wrt level0 -->
			<prob value="level0">1</prob>
			<prob value="level1">0</prob>
			<prob value="level2">0</prob>
			</cpt></edge>
			<edge value="teen"><cpt>
				<!-- showLevel decrease 0.2 wrt level0 -->
			<prob value="level0">1</prob>
			<prob value="level1">0</prob>
			<prob value="level2">0</prob>
			</cpt></edge>
			<edge value="adult"><cpt>
				<!-- showLevel decrease 0.9 wrt level0 -->
			<prob value="level0">1</prob>
			<prob value="level1">0</prob>
			<prob value="level2">0</prob>
			</cpt></edge>
		</depends></edge>
		<edge value="level1">
		<depends><name>age</name>
			<edge value="kid"><cpt>
				<!-- showLevel decrease 0.4 wrt level1 -->
			<prob value="level0">0.4</prob>
			<prob value="level1">0.6</prob>
			<prob value="level2">0</prob>
			</cpt></edge>
			<edge value="teen"><cpt>
				<!-- showLevel decrease 0.2 wrt level1 -->
			<prob value="level0">0.2</prob>
			<prob value="level1">0.8</prob>
			<prob value="level2">0</prob>
			</cpt></edge>
			<edge value="adult"><cpt>
				<!-- showLevel decrease 0.9 wrt level1 -->
			<prob value="level0">0.9</prob>
			<prob value="level1">0.1</prob>
			<prob value="level2">0</prob>
			</cpt></edge>
		</depends></edge>
		<edge value="level2">
		<depends><name>age</name>
			<edge value="kid"><cpt>
				<!-- showLevel decrease 0.4 wrt level2 -->
			<prob value="level0">0</prob>
			<prob value="level1">0.4</prob>
			<prob value="level2">0.6</prob>
			</cpt></edge>
			<edge value="teen"><cpt>
				<!-- showLevel decrease 0.2 wrt level2 -->
			<prob value="level0">0</prob>
			<prob value="level1">0.2</prob>
			<prob value="level2">0.8</prob>
			</cpt></edge>
			<edge value="adult"><cpt>
				<!-- showLevel decrease 0.9 wrt level2 -->
			<prob value="level0">0</prob>
			<prob value="level1">0.9</prob>
			<prob value="level2">0.1</prob>
			</cpt></edge>
		</depends></edge>
	</fragment>
	<fragment><name>happy</name>
		<edge value="no"><cpt>
			<prob value="no">0.5</prob>
			<prob value="yes">0.5</prob>
		</cpt></edge>
		<edge value="yes"><cpt>
			<prob value="no">0</prob>
			<prob value="yes">1</prob>
		</cpt></edge>
	</fragment>
	<fragment><name>age</name>
		<edge value="kid"><cpt>
			<prob value="kid">1.0</prob>
			<prob value="teen">0.0</prob>
			<prob value="adult">0.0</prob>
		</cpt></edge>
		<edge value="teen"><cpt>
			<prob value="kid">0.0</prob>
			<prob value="teen">1.0</prob>
			<prob value="adult">0.0</prob>
		</cpt></edge>
		<edge value="adult"><cpt>
			<prob value="kid">0.0</prob>
			<prob value="teen">0.0</prob>
			<prob value="adult">1.0</prob>
		</cpt></edge>
	</fragment>
	<fragment><name>hungry</name>
		<edge value="no"><cpt>
			<prob value="no">0.7</prob>
			<prob value="yes">0.3</prob>
		</cpt></edge>
		<edge value="yes"><cpt>
			<prob value="no">0</prob>
			<prob value="yes">1</prob>
		</cpt></edge>
	</fragment>
	<fragment><name>soakLevel</name>
		<edge value="level0"><cpt>
			<prob value="level0">0</prob>
			<prob value="level1">1.0</prob>
			<prob value="level2">0</prob>
			<prob value="level3">0</prob>
		</cpt></edge>
		<edge value="level1"><cpt>
			<prob value="level0">0</prob>
			<prob value="level1">0</prob>
			<prob value="level2">1.0</prob>
			<prob value="level3">0</prob>
		</cpt></edge>
		<edge value="level2"><cpt>
			<prob value="level0">0</prob>
			<prob value="level1">0</prob>
			<prob value="level2">0</prob>
			<prob value="level3">1.0</prob>
		</cpt></edge>
		<edge value="level3"><cpt>
			<prob value="level0">0</prob>
			<prob value="level1">0</prob>
			<prob value="level2">0</prob>
			<prob value="level3">1</prob>
		</cpt></edge>
	</fragment>
</action>
<action><name>seeShow</name><label>seeShow</label>
	<description>See a show</description>
	<fragment><name>thrillLevel</name>
		<edge value="level0"><cpt>
			<prob value="level0">1</prob>
			<prob value="level1">0</prob>
			<prob value="level2">0</prob>
			<prob value="level3">0</prob>
		</cpt></edge>
		<edge value="level1"><cpt>
			<prob value="level0">1</prob>
			<prob value="level1">0</prob>
			<prob value="level2">0</prob>
			<prob value="level3">0</prob>
		</cpt></edge>
		<edge value="level2"><cpt>
			<prob value="level0">0</prob>
			<prob value="level1">1</prob>
			<prob value="level2">0</prob>
			<prob value="level3">0</prob>
		</cpt></edge>
		<edge value="level3"><cpt>
			<prob value="level0">0</prob>
			<prob value="level1">0</prob>
			<prob value="level2">1</prob>
			<prob value="level3">0</prob>
		</cpt></edge>
	</fragment>
	<fragment><name>thirsty</name>
		<edge value="no"><cpt>
			<prob value="no">0.7</prob>
			<prob value="yes">0.3</prob>
		</cpt></edge>
		<edge value="yes"><cpt>
			<prob value="no">0</prob>
			<prob value="yes">1</prob>
		</cpt></edge>
	</fragment>
	<fragment><name>tired</name>
		<edge value="no"><cpt>
			<prob value="no">0.6</prob>
			<prob value="yes">0.4</prob>
		</cpt></edge>
		<edge value="yes"><cpt>
			<prob value="no">0</prob>
			<prob value="yes">1</prob>
		</cpt></edge>
	</fragment>
	<fragment><name>showLevel</name>
		<edge value="level0">
		<depends><name>age</name>
			<edge value="kid"><cpt>
				<!-- showLevel increase 0.9 wrt level0 -->
			<prob value="level0">0.1</prob>
			<prob value="level1">0.9</prob>
			<prob value="level2">0</prob>
			</cpt></edge>
			<edge value="teen"><cpt>
				<!-- showLevel increase 1.0 wrt level0 -->
			<prob value="level0">0</prob>
			<prob value="level1">1.0</prob>
			<prob value="level2">0</prob>
			</cpt></edge>
			<edge value="adult"><cpt>
				<!-- showLevel increase 0.8 wrt level0 -->
			<prob value="level0">0.2</prob>
			<prob value="level1">0.8</prob>
			<prob value="level2">0</prob>
			</cpt></edge>
		</depends></edge>
		<edge value="level1">
		<depends><name>age</name>
			<edge value="kid"><cpt>
				<!-- showLevel increase 0.9 wrt level1 -->
			<prob value="level0">0</prob>
			<prob value="level1">0.1</prob>
			<prob value="level2">0.9</prob>
			</cpt></edge>
			<edge value="teen"><cpt>
				<!-- showLevel increase 1.0 wrt level1 -->
			<prob value="level0">0</prob>
			<prob value="level1">0</prob>
			<prob value="level2">1.0</prob>
			</cpt></edge>
			<edge value="adult"><cpt>
				<!-- showLevel increase 0.8 wrt level1 -->
			<prob value="level0">0</prob>
			<prob value="level1">0.2</prob>
			<prob value="level2">0.8</prob>
			</cpt></edge>
		</depends></edge>
		<edge value="level2">
		<depends><name>age</name>
			<edge value="kid"><cpt>
				<!-- showLevel increase 0.9 wrt level2 -->
			<prob value="level0">0</prob>
			<prob value="level1">0</prob>
			<prob value="level2">1</prob>
			</cpt></edge>
			<edge value="teen"><cpt>
				<!-- showLevel increase 1.0 wrt level2 -->
			<prob value="level0">0</prob>
			<prob value="level1">0</prob>
			<prob value="level2">1</prob>
			</cpt></edge>
			<edge value="adult"><cpt>
				<!-- showLevel increase 0.8 wrt level2 -->
			<prob value="level0">0</prob>
			<prob value="level1">0</prob>
			<prob value="level2">1</prob>
			</cpt></edge>
		</depends></edge>
	</fragment>
	<fragment><name>happy</name>
		<edge value="no"><cpt>
			<prob value="no">0.5</prob>
			<prob value="yes">0.5</prob>
		</cpt></edge>
		<edge value="yes"><cpt>
			<prob value="no">0</prob>
			<prob value="yes">1</prob>
		</cpt></edge>
	</fragment>
	<fragment><name>age</name>
		<edge value="kid"><cpt>
			<prob value="kid">1.0</prob>
			<prob value="teen">0.0</prob>
			<prob value="adult">0.0</prob>
		</cpt></edge>
		<edge value="teen"><cpt>
			<prob value="kid">0.0</prob>
			<prob value="teen">1.0</prob>
			<prob value="adult">0.0</prob>
		</cpt></edge>
		<edge value="adult"><cpt>
			<prob value="kid">0.0</prob>
			<prob value="teen">0.0</prob>
			<prob value="adult">1.0</prob>
		</cpt></edge>
	</fragment>
	<fragment><name>hungry</name>
		<edge value="no"><cpt>
			<prob value="no">0</prob>
			<prob value="yes">1.0</prob>
		</cpt></edge>
		<edge value="yes"><cpt>
			<prob value="no">0</prob>
			<prob value="yes">1</prob>
		</cpt></edge>
	</fragment>
	<fragment><name>soakLevel</name>
		<edge value="level0"><cpt>
			<prob value="level0">1</prob>
			<prob value="level1">0</prob>
			<prob value="level2">0</prob>
			<prob value="level3">0</prob>
		</cpt></edge>
		<edge value="level1"><cpt>
			<prob value="level0">1</prob>
			<prob value="level1">0</prob>
			<prob value="level2">0</prob>
			<prob value="level3">0</prob>
		</cpt></edge>
		<edge value="level2"><cpt>
			<prob value="level0">0</prob>
			<prob value="level1">1</prob>
			<prob value="level2">0</prob>
			<prob value="level3">0</prob>
		</cpt></edge>
		<edge value="level3"><cpt>
			<prob value="level0">0</prob>
			<prob value="level1">0</prob>
			<prob value="level2">1</prob>
			<prob value="level3">0</prob>
		</cpt></edge>
	</fragment>
</action>
<action><name>whirler</name><label>whirler</label>
	<description>Ride a dizzying gravity-defying nauseator</description>
	<fragment><name>thrillLevel</name>
		<edge value="level0"><cpt>
			<prob value="level0">0.1</prob>
			<prob value="level1">0.9</prob>
			<prob value="level2">0</prob>
			<prob value="level3">0</prob>
		</cpt></edge>
		<edge value="level1"><cpt>
			<prob value="level0">0</prob>
			<prob value="level1">0.1</prob>
			<prob value="level2">0.9</prob>
			<prob value="level3">0</prob>
		</cpt></edge>
		<edge value="level2"><cpt>
			<prob value="level0">0</prob>
			<prob value="level1">0</prob>
			<prob value="level2">0.1</prob>
			<prob value="level3">0.9</prob>
		</cpt></edge>
		<edge value="level3"><cpt>
			<prob value="level0">0</prob>
			<prob value="level1">0</prob>
			<prob value="level2">0</prob>
			<prob value="level3">1</prob>
		</cpt></edge>
	</fragment>
	<fragment><name>thirsty</name>
		<edge value="no"><cpt>
			<prob value="no">0.8</prob>
			<prob value="yes">0.2</prob>
		</cpt></edge>
		<edge value="yes"><cpt>
			<prob value="no">0</prob>
			<prob value="yes">1</prob>
		</cpt></edge>
	</fragment>
	<fragment><name>tired</name>
		<edge value="no"><cpt>
			<prob value="no">0.8</prob>
			<prob value="yes">0.2</prob>
		</cpt></edge>
		<edge value="yes"><cpt>
			<prob value="no">0</prob>
			<prob value="yes">1</prob>
		</cpt></edge>
	</fragment>
	<fragment><name>showLevel</name>
		<edge value="level0"><cpt>
			<prob value="level0">1</prob>
			<prob value="level1">0</prob>
			<prob value="level2">0</prob>
		</cpt></edge>
		<edge value="level1"><cpt>
			<prob value="level0">1</prob>
			<prob value="level1">0</prob>
			<prob value="level2">0</prob>
		</cpt></edge>
		<edge value="level2"><cpt>
			<prob value="level0">0</prob>
			<prob value="level1">1</prob>
			<prob value="level2">0</prob>
		</cpt></edge>
	</fragment>
	<fragment><name>happy</name>
		<edge value="no">
		<depends><name>hungry</name>
			<edge value="no"><cpt>
				<!-- happy decrease 0.5 wrt no -->
			<prob value="no">1</prob>
			<prob value="yes">0</prob>
			</cpt></edge>
			<edge value="yes"><cpt>
				<!-- happy increase 0.1 wrt no -->
			<prob value="no">0.9</prob>
			<prob value="yes">0.1</prob>
			</cpt></edge>
		</depends></edge>
		<edge value="yes">
		<depends><name>hungry</name>
			<edge value="no"><cpt>
				<!-- happy decrease 0.5 wrt yes -->
			<prob value="no">0.5</prob>
			<prob value="yes">0.5</prob>
			</cpt></edge>
			<edge value="yes"><cpt>
				<!-- happy increase 0.1 wrt yes -->
			<prob value="no">0</prob>
			<prob value="yes">1</prob>
			</cpt></edge>
		</depends></edge>
	</fragment>
	<fragment><name>age</name>
		<edge value="kid"><cpt>
			<prob value="kid">1.0</prob>
			<prob value="teen">0.0</prob>
			<prob value="adult">0.0</prob>
		</cpt></edge>
		<edge value="teen"><cpt>
			<prob value="kid">0.0</prob>
			<prob value="teen">1.0</prob>
			<prob value="adult">0.0</prob>
		</cpt></edge>
		<edge value="adult"><cpt>
			<prob value="kid">0.0</prob>
			<prob value="teen">0.0</prob>
			<prob value="adult">1.0</prob>
		</cpt></edge>
	</fragment>
	<fragment><name>hungry</name>
		<edge value="no"><cpt>
			<prob value="no">1.0</prob>
			<prob value="yes">0.0</prob>
		</cpt></edge>
		<edge value="yes"><cpt>
			<prob value="no">0.0</prob>
			<prob value="yes">1.0</prob>
		</cpt></edge>
	</fragment>
	<fragment><name>soakLevel</name>
		<edge value="level0"><cpt>
			<prob value="level0">1</prob>
			<prob value="level1">0</prob>
			<prob value="level2">0</prob>
			<prob value="level3">0</prob>
		</cpt></edge>
		<edge value="level1"><cpt>
			<prob value="level0">0.7</prob>
			<prob value="level1">0.3</prob>
			<prob value="level2">0</prob>
			<prob value="level3">0</prob>
		</cpt></edge>
		<edge value="level2"><cpt>
			<prob value="level0">0</prob>
			<prob value="level1">0.7</prob>
			<prob value="level2">0.3</prob>
			<prob value="level3">0</prob>
		</cpt></edge>
		<edge value="level3"><cpt>
			<prob value="level0">0</prob>
			<prob value="level1">0</prob>
			<prob value="level2">0.7</prob>
			<prob value="level3">0.3</prob>
		</cpt></edge>
	</fragment>
</action>
<action><name>snack</name><label>snack</label>
	<description>Have a snack</description>
	<fragment><name>thrillLevel</name>
		<edge value="level0"><cpt>
			<prob value="level0">1</prob>
			<prob value="level1">0</prob>
			<prob value="level2">0</prob>
			<prob value="level3">0</prob>
		</cpt></edge>
		<edge value="level1"><cpt>
			<prob value="level0">0.4</prob>
			<prob value="level1">0.6</prob>
			<prob value="level2">0</prob>
			<prob value="level3">0</prob>
		</cpt></edge>
		<edge value="level2"><cpt>
			<prob value="level0">0</prob>
			<prob value="level1">0.4</prob>
			<prob value="level2">0.6</prob>
			<prob value="level3">0</prob>
		</cpt></edge>
		<edge value="level3"><cpt>
			<prob value="level0">0</prob>
			<prob value="level1">0</prob>
			<prob value="level2">0.4</prob>
			<prob value="level3">0.6</prob>
		</cpt></edge>
	</fragment>
	<fragment><name>thirsty</name>
		<edge value="no"><cpt>
			<prob value="no">0.9</prob>
			<prob value="yes">0.1</prob>
		</cpt></edge>
		<edge value="yes"><cpt>
			<prob value="no">0</prob>
			<prob value="yes">1</prob>
		</cpt></edge>
	</fragment>
	<fragment><name>tired</name>
		<edge value="no"><cpt>
			<prob value="no">1.0</prob>
			<prob value="yes">0.0</prob>
		</cpt></edge>
		<edge value="yes"><cpt>
			<prob value="no">0.0</prob>
			<prob value="yes">1.0</prob>
		</cpt></edge>
	</fragment>
	<fragment><name>showLevel</name>
		<edge value="level0"><cpt>
			<prob value="level0">1</prob>
			<prob value="level1">0</prob>
			<prob value="level2">0</prob>
		</cpt></edge>
		<edge value="level1"><cpt>
			<prob value="level0">0.4</prob>
			<prob value="level1">0.6</prob>
			<prob value="level2">0</prob>
		</cpt></edge>
		<edge value="level2"><cpt>
			<prob value="level0">0</prob>
			<prob value="level1">0.4</prob>
			<prob value="level2">0.6</prob>
		</cpt></edge>
	</fragment>
	<fragment><name>happy</name>
		<edge value="no">
		<depends><name>hungry</name>
			<edge value="no"><cpt>
				<!-- happy decrease 1.0 wrt no -->
			<prob value="no">1</prob>
			<prob value="yes">0</prob>
			</cpt></edge>
			<edge value="yes"><cpt>
				<!-- happy increase 0.2 wrt no -->
			<prob value="no">0.8</prob>
			<prob value="yes">0.2</prob>
			</cpt></edge>
		</depends></edge>
		<edge value="yes">
		<depends><name>hungry</name>
			<edge value="no"><cpt>
				<!-- happy decrease 1.0 wrt yes -->
			<prob value="no">1</prob>
			<prob value="yes">0</prob>
			</cpt></edge>
			<edge value="yes"><cpt>
				<!-- happy increase 0.2 wrt yes -->
			<prob value="no">0</prob>
			<prob value="yes">1</prob>
			</cpt></edge>
		</depends></edge>
	</fragment>
	<fragment><name>age</name>
		<edge value="kid"><cpt>
			<prob value="kid">1.0</prob>
			<prob value="teen">0.0</prob>
			<prob value="adult">0.0</prob>
		</cpt></edge>
		<edge value="teen"><cpt>
			<prob value="kid">0.0</prob>
			<prob value="teen">1.0</prob>
			<prob value="adult">0.0</prob>
		</cpt></edge>
		<edge value="adult"><cpt>
			<prob value="kid">0.0</prob>
			<prob value="teen">0.0</prob>
			<prob value="adult">1.0</prob>
		</cpt></edge>
	</fragment>
	<fragment><name>hungry</name>
		<edge value="no">
		<depends><name>age</name>
			<edge value="kid"><cpt>
				<!-- hungry decrease 0.7 wrt no -->
			<prob value="no">1</prob>
			<prob value="yes">0</prob>
			</cpt></edge>
			<edge value="teen"><cpt>
				<!-- hungry decrease 0.3 wrt no -->
			<prob value="no">1</prob>
			<prob value="yes">0</prob>
			</cpt></edge>
			<edge value="adult"><cpt>
				<!-- hungry decrease 0.5 wrt no -->
			<prob value="no">1</prob>
			<prob value="yes">0</prob>
			</cpt></edge>
		</depends></edge>
		<edge value="yes">
		<depends><name>age</name>
			<edge value="kid"><cpt>
				<!-- hungry decrease 0.7 wrt yes -->
			<prob value="no">0.7</prob>
			<prob value="yes">0.3</prob>
			</cpt></edge>
			<edge value="teen"><cpt>
				<!-- hungry decrease 0.3 wrt yes -->
			<prob value="no">0.3</prob>
			<prob value="yes">0.7</prob>
			</cpt></edge>
			<edge value="adult"><cpt>
				<!-- hungry decrease 0.5 wrt yes -->
			<prob value="no">0.5</prob>
			<prob value="yes">0.5</prob>
			</cpt></edge>
		</depends></edge>
	</fragment>
	<fragment><name>soakLevel</name>
		<edge value="level0"><cpt>
			<prob value="level0">1</prob>
			<prob value="level1">0</prob>
			<prob value="level2">0</prob>
			<prob value="level3">0</prob>
		</cpt></edge>
		<edge value="level1"><cpt>
			<prob value="level0">0.4</prob>
			<prob value="level1">0.6</prob>
			<prob value="level2">0</prob>
			<prob value="level3">0</prob>
		</cpt></edge>
		<edge value="level2"><cpt>
			<prob value="level0">0</prob>
			<prob value="level1">0.4</prob>
			<prob value="level2">0.6</prob>
			<prob value="level3">0</prob>
		</cpt></edge>
		<edge value="level3"><cpt>
			<prob value="level0">0</prob>
			<prob value="level1">0</prob>
			<prob value="level2">0.4</prob>
			<prob value="level3">0.6</prob>
		</cpt></edge>
	</fragment>
</action>
<action><name>eat</name><label>eat</label>
	<description>Have a meal</description>
	<fragment><name>thrillLevel</name>
		<edge value="level0"><cpt>
			<prob value="level0">1</prob>
			<prob value="level1">0</prob>
			<prob value="level2">0</prob>
			<prob value="level3">0</prob>
		</cpt></edge>
		<edge value="level1"><cpt>
			<prob value="level0">1</prob>
			<prob value="level1">0</prob>
			<prob value="level2">0</prob>
			<prob value="level3">0</prob>
		</cpt></edge>
		<edge value="level2"><cpt>
			<prob value="level0">0</prob>
			<prob value="level1">1</prob>
			<prob value="level2">0</prob>
			<prob value="level3">0</prob>
		</cpt></edge>
		<edge value="level3"><cpt>
			<prob value="level0">0</prob>
			<prob value="level1">0</prob>
			<prob value="level2">1</prob>
			<prob value="level3">0</prob>
		</cpt></edge>
	</fragment>
	<fragment><name>thirsty</name>
		<edge value="no"><cpt>
			<prob value="no">1</prob>
			<prob value="yes">0</prob>
		</cpt></edge>
		<edge value="yes"><cpt>
			<prob value="no">0.8</prob>
			<prob value="yes">0.2</prob>
		</cpt></edge>
	</fragment>
	<fragment><name>tired</name>
		<edge value="no"><cpt>
			<prob value="no">0.7</prob>
			<prob value="yes">0.3</prob>
		</cpt></edge>
		<edge value="yes"><cpt>
			<prob value="no">0</prob>
			<prob value="yes">1</prob>
		</cpt></edge>
	</fragment>
	<fragment><name>showLevel</name>
		<edge value="level0"><cpt>
			<prob value="level0">1</prob>
			<prob value="level1">0</prob>
			<prob value="level2">0</prob>
		</cpt></edge>
		<edge value="level1"><cpt>
			<prob value="level0">1</prob>
			<prob value="level1">0</prob>
			<prob value="level2">0</prob>
		</cpt></edge>
		<edge value="level2"><cpt>
			<prob value="level0">0</prob>
			<prob value="level1">1</prob>
			<prob value="level2">0</prob>
		</cpt></edge>
	</fragment>
	<fragment><name>happy</name>
		<edge value="no">
		<depends><name>hungry</name>
			<edge value="no"><cpt>
				<!-- happy decrease 1.0 wrt no -->
			<prob value="no">1</prob>
			<prob value="yes">0</prob>
			</cpt></edge>
			<edge value="yes"><cpt>
				<!-- happy increase 0.5 wrt no -->
			<prob value="no">0.5</prob>
			<prob value="yes">0.5</prob>
			</cpt></edge>
		</depends></edge>
		<edge value="yes">
		<depends><name>hungry</name>
			<edge value="no"><cpt>
				<!-- happy decrease 1.0 wrt yes -->
			<prob value="no">1</prob>
			<prob value="yes">0</prob>
			</cpt></edge>
			<edge value="yes"><cpt>
				<!-- happy increase 0.5 wrt yes -->
			<prob value="no">0</prob>
			<prob value="yes">1</prob>
			</cpt></edge>
		</depends></edge>
	</fragment>
	<fragment><name>age</name>
		<edge value="kid"><cpt>
			<prob value="kid">1.0</prob>
			<prob value="teen">0.0</prob>
			<prob value="adult">0.0</prob>
		</cpt></edge>
		<edge value="teen"><cpt>
			<prob value="kid">0.0</prob>
			<prob value="teen">1.0</prob>
			<prob value="adult">0.0</prob>
		</cpt></edge>
		<edge value="adult"><cpt>
			<prob value="kid">0.0</prob>
			<prob value="teen">0.0</prob>
			<prob value="adult">1.0</prob>
		</cpt></edge>
	</fragment>
	<fragment><name>hungry</name>
		<edge value="no"><cpt>
			<prob value="no">1</prob>
			<prob value="yes">0</prob>
		</cpt></edge>
		<edge value="yes"><cpt>
			<prob value="no">1</prob>
			<prob value="yes">0</prob>
		</cpt></edge>
	</fragment>
	<fragment><name>soakLevel</name>
		<edge value="level0"><cpt>
			<prob value="level0">1</prob>
			<prob value="level1">0</prob>
			<prob value="level2">0</prob>
			<prob value="level3">0</prob>
		</cpt></edge>
		<edge value="level1"><cpt>
			<prob value="level0">1</prob>
			<prob value="level1">0</prob>
			<prob value="level2">0</prob>
			<prob value="level3">0</prob>
		</cpt></edge>
		<edge value="level2"><cpt>
			<prob value="level0">0</prob>
			<prob value="level1">1</prob>
			<prob value="level2">0</prob>
			<prob value="level3">0</prob>
		</cpt></edge>
		<edge value="level3"><cpt>
			<prob value="level0">0</prob>
			<prob value="level1">0</prob>
			<prob value="level2">1</prob>
			<prob value="level3">0</prob>
		</cpt></edge>
	</fragment>
</action>
<action><name>drink</name><label>drink</label>
	<description>Have a drink</description>
	<fragment><name>thrillLevel</name>
		<edge value="level0"><cpt>
			<prob value="level0">1</prob>
			<prob value="level1">0</prob>
			<prob value="level2">0</prob>
			<prob value="level3">0</prob>
		</cpt></edge>
		<edge value="level1"><cpt>
			<prob value="level0">0.4</prob>
			<prob value="level1">0.6</prob>
			<prob value="level2">0</prob>
			<prob value="level3">0</prob>
		</cpt></edge>
		<edge value="level2"><cpt>
			<prob value="level0">0</prob>
			<prob value="level1">0.4</prob>
			<prob value="level2">0.6</prob>
			<prob value="level3">0</prob>
		</cpt></edge>
		<edge value="level3"><cpt>
			<prob value="level0">0</prob>
			<prob value="level1">0</prob>
			<prob value="level2">0.4</prob>
			<prob value="level3">0.6</prob>
		</cpt></edge>
	</fragment>
	<fragment><name>thirsty</name>
		<edge value="no">
		<depends><name>age</name>
			<edge value="kid"><cpt>
				<!-- thirsty decrease 1.0 wrt no -->
			<prob value="no">1</prob>
			<prob value="yes">0</prob>
			</cpt></edge>
			<edge value="teen"><cpt>
				<!-- thirsty decrease 0.8 wrt no -->
			<prob value="no">1</prob>
			<prob value="yes">0</prob>
			</cpt></edge>
			<edge value="adult"><cpt>
				<!-- thirsty decrease 1.0 wrt no -->
			<prob value="no">1</prob>
			<prob value="yes">0</prob>
			</cpt></edge>
		</depends></edge>
		<edge value="yes">
		<depends><name>age</name>
			<edge value="kid"><cpt>
				<!-- thirsty decrease 1.0 wrt yes -->
			<prob value="no">1</prob>
			<prob value="yes">0</prob>
			</cpt></edge>
			<edge value="teen"><cpt>
				<!-- thirsty decrease 0.8 wrt yes -->
			<prob value="no">0.8</prob>
			<prob value="yes">0.2</prob>
			</cpt></edge>
			<edge value="adult"><cpt>
				<!-- thirsty decrease 1.0 wrt yes -->
			<prob value="no">1</prob>
			<prob value="yes">0</prob>
			</cpt></edge>
		</depends></edge>
	</fragment>
	<fragment><name>tired</name>
		<edge value="no"><cpt>
			<prob value="no">1.0</prob>
			<prob value="yes">0.0</prob>
		</cpt></edge>
		<edge value="yes"><cpt>
			<prob value="no">0.0</prob>
			<prob value="yes">1.0</prob>
		</cpt></edge>
	</fragment>
	<fragment><name>showLevel</name>
		<edge value="level0"><cpt>
			<prob value="level0">1</prob>
			<prob value="level1">0</prob>
			<prob value="level2">0</prob>
		</cpt></edge>
		<edge value="level1"><cpt>
			<prob value="level0">0.4</prob>
			<prob value="level1">0.6</prob>
			<prob value="level2">0</prob>
		</cpt></edge>
		<edge value="level2"><cpt>
			<prob value="level0">0</prob>
			<prob value="level1">0.4</prob>
			<prob value="level2">0.6</prob>
		</cpt></edge>
	</fragment>
	<fragment><name>happy</name>
		<edge value="no">
		<depends><name>thirsty</name>
			<edge value="no"><cpt>
				<!-- happy decrease 1.0 wrt no -->
			<prob value="no">1</prob>
			<prob value="yes">0</prob>
			</cpt></edge>
			<edge value="yes"><cpt>
				<!-- happy increase 0.2 wrt no -->
			<prob value="no">0.8</prob>
			<prob value="yes">0.2</prob>
			</cpt></edge>
		</depends></edge>
		<edge value="yes">
		<depends><name>thirsty</name>
			<edge value="no"><cpt>
				<!-- happy decrease 1.0 wrt yes -->
			<prob value="no">1</prob>
			<prob value="yes">0</prob>
			</cpt></edge>
			<edge value="yes"><cpt>
				<!-- happy increase 0.2 wrt yes -->
			<prob value="no">0</prob>
			<prob value="yes">1</prob>
			</cpt></edge>
		</depends></edge>
	</fragment>
	<fragment><name>age</name>
		<edge value="kid"><cpt>
			<prob value="kid">1.0</prob>
			<prob value="teen">0.0</prob>
			<prob value="adult">0.0</prob>
		</cpt></edge>
		<edge value="teen"><cpt>
			<prob value="kid">0.0</prob>
			<prob value="teen">1.0</prob>
			<prob value="adult">0.0</prob>
		</cpt></edge>
		<edge value="adult"><cpt>
			<prob value="kid">0.0</prob>
			<prob value="teen">0.0</prob>
			<prob value="adult">1.0</prob>
		</cpt></edge>
	</fragment>
	<fragment><name>hungry</name>
		<edge value="no"><cpt>
			<prob value="no">1</prob>
			<prob value="yes">0</prob>
		</cpt></edge>
		<edge value="yes"><cpt>
			<prob value="no">0.2</prob>
			<prob value="yes">0.8</prob>
		</cpt></edge>
	</fragment>
	<fragment><name>soakLevel</name>
		<edge value="level0"><cpt>
			<prob value="level0">1</prob>
			<prob value="level1">0</prob>
			<prob value="level2">0</prob>
			<prob value="level3">0</prob>
		</cpt></edge>
		<edge value="level1"><cpt>
			<prob value="level0">0.4</prob>
			<prob value="level1">0.6</prob>
			<prob value="level2">0</prob>
			<prob value="level3">0</prob>
		</cpt></edge>
		<edge value="level2"><cpt>
			<prob value="level0">0</prob>
			<prob value="level1">0.4</prob>
			<prob value="level2">0.6</prob>
			<prob value="level3">0</prob>
		</cpt></edge>
		<edge value="level3"><cpt>
			<prob value="level0">0</prob>
			<prob value="level1">0</prob>
			<prob value="level2">0.4</prob>
			<prob value="level3">0.6</prob>
		</cpt></edge>
	</fragment>
</action>
<action><name>rest</name><label>rest</label>
	<description>Rest for a while</description>
	<fragment><name>thrillLevel</name>
		<edge value="level0"><cpt>
			<prob value="level0">1</prob>
			<prob value="level1">0</prob>
			<prob value="level2">0</prob>
			<prob value="level3">0</prob>
		</cpt></edge>
		<edge value="level1"><cpt>
			<prob value="level0">1</prob>
			<prob value="level1">0</prob>
			<prob value="level2">0</prob>
			<prob value="level3">0</prob>
		</cpt></edge>
		<edge value="level2"><cpt>
			<prob value="level0">0</prob>
			<prob value="level1">1</prob>
			<prob value="level2">0</prob>
			<prob value="level3">0</prob>
		</cpt></edge>
		<edge value="level3"><cpt>
			<prob value="level0">0</prob>
			<prob value="level1">0</prob>
			<prob value="level2">1</prob>
			<prob value="level3">0</prob>
		</cpt></edge>
	</fragment>
	<fragment><name>thirsty</name>
		<edge value="no"><cpt>
			<prob value="no">0.6</prob>
			<prob value="yes">0.4</prob>
		</cpt></edge>
		<edge value="yes"><cpt>
			<prob value="no">0</prob>
			<prob value="yes">1</prob>
		</cpt></edge>
	</fragment>
	<fragment><name>tired</name>
		<edge value="no"><cpt>
			<prob value="no">1</prob>
			<prob value="yes">0</prob>
		</cpt></edge>
		<edge value="yes"><cpt>
			<prob value="no">1</prob>
			<prob value="yes">0</prob>
		</cpt></edge>
	</fragment>
	<fragment><name>showLevel</name>
		<edge value="level0"><cpt>
			<prob value="level0">1</prob>
			<prob value="level1">0</prob>
			<prob value="level2">0</prob>
		</cpt></edge>
		<edge value="level1"><cpt>
			<prob value="level0">1</prob>
			<prob value="level1">0</prob>
			<prob value="level2">0</prob>
		</cpt></edge>
		<edge value="level2"><cpt>
			<prob value="level0">0</prob>
			<prob value="level1">1</prob>
			<prob value="level2">0</prob>
		</cpt></edge>
	</fragment>
	<fragment><name>happy</name>
		<edge value="no">
		<depends><name>tired</name>
			<edge value="no"><cpt>
				<!-- happy decrease 0.5 wrt no -->
			<prob value="no">1</prob>
			<prob value="yes">0</prob>
			</cpt></edge>
			<edge value="yes"><cpt>
				<!-- happy increase 0.5 wrt no -->
			<prob value="no">0.5</prob>
			<prob value="yes">0.5</prob>
			</cpt></edge>
		</depends></edge>
		<edge value="yes">
		<depends><name>tired</name>
			<edge value="no"><cpt>
				<!-- happy decrease 0.5 wrt yes -->
			<prob value="no">0.5</prob>
			<prob value="yes">0.5</prob>
			</cpt></edge>
			<edge value="yes"><cpt>
				<!-- happy increase 0.5 wrt yes -->
			<prob value="no">0</prob>
			<prob value="yes">1</prob>
			</cpt></edge>
		</depends></edge>
	</fragment>
	<fragment><name>age</name>
		<edge value="kid"><cpt>
			<prob value="kid">1.0</prob>
			<prob value="teen">0.0</prob>
			<prob value="adult">0.0</prob>
		</cpt></edge>
		<edge value="teen"><cpt>
			<prob value="kid">0.0</prob>
			<prob value="teen">1.0</prob>
			<prob value="adult">0.0</prob>
		</cpt></edge>
		<edge value="adult"><cpt>
			<prob value="kid">0.0</prob>
			<prob value="teen">0.0</prob>
			<prob value="adult">1.0</prob>
		</cpt></edge>
	</fragment>
	<fragment><name>hungry</name>
		<edge value="no"><cpt>
			<prob value="no">0.6</prob>
			<prob value="yes">0.4</prob>
		</cpt></edge>
		<edge value="yes"><cpt>
			<prob value="no">0</prob>
			<prob value="yes">1</prob>
		</cpt></edge>
	</fragment>
	<fragment><name>soakLevel</name>
		<edge value="level0"><cpt>
			<prob value="level0">1</prob>
			<prob value="level1">0</prob>
			<prob value="level2">0</prob>
			<prob value="level3">0</prob>
		</cpt></edge>
		<edge value="level1"><cpt>
			<prob value="level0">1</prob>
			<prob value="level1">0</prob>
			<prob value="level2">0</prob>
			<prob value="level3">0</prob>
		</cpt></edge>
		<edge value="level2"><cpt>
			<prob value="level0">0</prob>
			<prob value="level1">1</prob>
			<prob value="level2">0</prob>
			<prob value="level3">0</prob>
		</cpt></edge>
		<edge value="level3"><cpt>
			<prob value="level0">0</prob>
			<prob value="level1">0</prob>
			<prob value="level2">1</prob>
			<prob value="level3">0</prob>
		</cpt></edge>
	</fragment>
</action>
</actions>

<start_state>
	<attribute><name>age</name><value>teen</value></attribute>
	<attribute><name>thrillLevel</name><value>level0</value></attribute>
	<attribute><name>soakLevel</name><value>level0</value></attribute>
	<attribute><name>showLevel</name><value>level0</value></attribute>
	<attribute><name>happy</name><value>yes</value></attribute>
	<attribute><name>hungry</name><value>no</value></attribute>
	<attribute><name>thirsty</name><value>no</value></attribute>
	<attribute><name>tired</name><value>no</value></attribute>
</start_state>

<discount>0.9</discount>

<tolerance>0.2</tolerance>

</data>

<!-- vim:nospell:
-->
