<?xml version="1.0" encoding="UTF-8"?>
<plan>
	<attribute>
		<name>huc</name>
		<edge name="yes">
			<attribute>
				<name>isWet</name>
				<edge name="yes">
					<actions>
						<action>move</action>
						<action>getCoffee</action>
						<action>deliverCoffee</action>
						<action>getUmbrella</action>
					</actions>
				</edge>
				<edge name="no">
					<attribute>
					<name>isRaining</name>
						<edge name="yes">
							<actions>
								<action>getCoffee</action>
								<action>deliverCoffee</action>
								<action>getUmbrella</action>
							</actions>
						</edge>
						<edge name="no">
							<actions>
								<action>move</action>
								<action>getCoffee</action>
								<action>deliverCoffee</action>
								<action>getUmbrella</action>
							</actions>
						</edge>
					</attribute>
				</edge>	
			</attribute>
		</edge>
		<edge name="no">
			<attribute>
				<name>hrc</name>
				<edge name="yes">
					<attribute>
						<name>location</name>
						<edge name="office">
							<actions>
								<action>deliverCoffee</action>
							</actions>
						</edge>
						<edge name="shop">
							<actions>
								<action>move</action>
							</actions>
						</edge>
					</attribute>
				</edge>
				<edge name="no">
					<attribute>
						<name>isWet</name>
						<edge name="yes">
							<attribute>
								<name>location</name>
								<edge name="office">
									<actions>
										<action>move</action>
									</actions>
								</edge>
								<edge name="shop">
									<actions>
										<action>getCoffee</action>
									</actions>
								</edge>
							</attribute>
						</edge>
						<edge name="no">
							<attribute>
								<name>isRaining</name>
								<edge name="yes">
									<attribute>
										<name>hru</name>
										<edge name="yes">
											<attribute>
												<name>location</name>
												<edge name="office">
													<actions>
														<action>move</action>
													</actions>
												</edge>
												<edge name="shop">
													<actions>
														<action>getCoffee</action>
													</actions>
												</edge>
											</attribute>
										</edge>
										<edge name="no">
											<attribute>
												<name>location</name>
												<edge name="office">
													<actions>
														<action>getUmbrella</action>
													</actions>
												</edge>
												<edge name="shop">
													<actions>
														<action>getCoffee</action>
													</actions>
												</edge>
											</attribute>
										</edge>
									</attribute>
								</edge>
								<edge name="no">
									<attribute>
										<name>location</name>
										<edge name="office">
											<actions>
												<action>move</action>
											</actions>
										</edge>
										<edge name="shop">
											<actions>
												<action>getCoffee</action>
											</actions>
										</edge>
									</attribute>
								</edge>
							</attribute>
						</edge>
					</attribute>
				</edge>
			</attribute>
		</edge>
	</attribute>
</plan>







