<?xml version="1.0" encoding="UTF-8"?>
<data>
	<attributes>
		<attribute>
			<name>hasCoffeeUser</name>
			<description>Does the user have coffee</description>
			<value>
				<name>yes</name>
				<description>The user has coffee</description>
			</value>
			<value>
				<name>no</name>
				<description>The user does not have coffee</description>
			</value>
		</attribute>
		<attribute>
			<name>hasCoffeeRobot</name>
			<description>Does the robot have coffee</description>
			<value>
				<name>yes</name>
				<description>The robot has coffee</description>
			</value>
			<value>
				<name>no</name>
				<description>The robot does not have coffee</description>
			</value>
		</attribute>
		<attribute>
			<name>isWet</name>
			<description>Is the robot wet</description>
			<value>
				<name>yes</name>
				<description>The robot is wet</description>
			</value>
			<value>
				<name>no</name>
				<description>The robot is dry</description>
			</value>
		</attribute>
		<attribute>
			<name>isRaining</name>
			<description>Is it raining</description>
			<value>
				<name>yes</name>
				<description>It is raining</description>
			</value>
			<value>
				<name>drizzle</name>
				<description>It is drizzling</description>
			</value>
			<value>
				<name>no</name>
				<description>It is not raining</description>
			</value>
		</attribute>
		<attribute>
			<name>hasUmbrellaRobot</name>
			<description>Does the robot have an umbrella</description>
			<value>
				<name>yes</name>
				<description>The robot has an umbrella</description>
			</value>
			<value>
				<name>no</name>
				<description>The robot does not have an umbrella</description>
			</value>
		</attribute>
		<attribute>
			<name>isAt</name>
			<description>The isAt of the robot</description>
			<value>
				<name>office</name>
				<description>The robot is in the office</description>
			</value>
			<value>
				<name>shop</name>
				<description>The robot is in the shop</description>
			</value>
		</attribute>
	</attributes>
					
	<archetypes>
		<prefs>
			<name>I have to have my coffee</name>
			<description>The robot's well-being is no concern.  Your real interest is in getting your coffee! </description>
			<attribute>
				<name>hasCoffeeUser</name>
				<preference>
					<value>yes</value>
					<utility>1.0</utility>
				</preference>
			</attribute>
		</prefs>
		<prefs>
			<name>Take care of the robot</name>
			<description>You can get a cup of coffee anytime, but robots are hard to replace.  Your main concern is with the well-being of the robot</description>
			<attribute>
				<name>isWet</name>
				<preference>
					<value>no</value>
					<utility>0.9</utility>
				</preference>
			</attribute>
			<attribute>
				<name>isWet</name>
				<preference>
					<value>yes</value>
					<utility>-0.9</utility>
				</preference>
			</attribute>
			<attribute>
				<name>hasUmbrellaRobot</name>
				<edge>
					<value>yes</value>
					<attribute>
						<name>isRaining</name>
						<preference>
							<value>yes</value>
							<utility>1.0</utility>
						</preference>
						<preference>
							<value>drizzle</value>
							<utility>0.9</utility>
						</preference>
					</attribute>
				</edge>
			</attribute>
			<attribute>
				<name>hasCoffeeUser</name>
				<preference>
					<value>yes</value>
					<utility>0.75</utility>
				</preference>
			</attribute>
			<attribute>
				<name>hasCoffeeUser</name>
				<preference>
					<value>no</value>
					<utility>-0.75</utility>
				</preference>
			</attribute>
		</prefs>
		<prefs>
			<name>Give and take</name>
			<description>Getting your coffee and taking care of the robot are about equally important. </description>
			<attribute>
				<name>hasCoffeeUser</name>
				<preference>
					<value>yes</value>
					<utility>0.75</utility>
				</preference>
			</attribute>
			<attribute>
				<name>isWet</name>
				<preference>
					<value>no</value>
					<utility>-0.75</utility>
				</preference>
			</attribute>
			<attribute>
				<name>hasUmbrellaRobot</name>
				<edge>
					<value>yes</value>
					<attribute>
						<name>isRaining</name>
						<preference>
							<value>yes</value>
							<utility>0.9</utility>
						</preference>
						<preference>
							<value>drizzle</value>
							<utility>0.85</utility>
						</preference>						
					</attribute>
				</edge>
			</attribute>
		</prefs>
		<prefs>
			<name>Start from scratch</name>
			<description>You want to build your preferences from the ground up.			</description>
		</prefs>
	</archetypes>

	<actions>
		<action>
			<name>move</name>
			<label>Move</label>
			<description>Change the isAt of the robot</description>
			<fragment>
				<name>hasCoffeeUser</name>
				<edge value="yes">
					<cpt>
						<prob value="yes">1.0</prob>
						<prob value="no">0.0</prob>
					</cpt>
				</edge>
				<edge value="no">
					<cpt>
						<prob value="yes">0.0</prob>
						<prob value="no">1.0</prob>
					</cpt>
				</edge>
			</fragment>
			<fragment>
				<name>hasCoffeeRobot</name>
				<edge value="yes">
					<cpt>
						<prob value="yes">1.0</prob>
						<prob value="no">0.0</prob>
					</cpt>
				</edge>
				<edge value="no">
					<cpt>
						<prob value="yes">0.0</prob>
						<prob value="no">1.0</prob>
					</cpt>
				</edge>
			</fragment>
			<fragment>
				<name>isWet</name>
				<edge value="yes">
					<cpt>
						<prob value="yes">1.0</prob>
						<prob value="no">0.0</prob>
					</cpt>
				</edge>
				<edge value="no">
					<depends>
						<name>isRaining</name>
						<edge value="yes">
							<depends>
								<name>hasUmbrellaRobot</name>
								<edge value="yes">
									<cpt>
										<prob value="yes">0.1</prob>
										<prob value="no">0.9</prob>
									</cpt>
								</edge>
								<edge value="no">
									<cpt>
										<prob value="yes">0.9</prob>
										<prob value="no">0.1</prob>
									</cpt>
								</edge>
							</depends>
						</edge>
						<edge value="drizzle">
							<depends>
								<name>hasUmbrellaRobot</name>
								<edge value="yes">
									<cpt>
										<prob value="yes">0.05</prob>
										<prob value="no">0.95</prob>
									</cpt>
								</edge>
								<edge value="no">
									<cpt>
										<prob value="yes">0.8</prob>
										<prob value="no">0.2</prob>
									</cpt>
								</edge>
							</depends>
						</edge>							
						<edge value="no">
							<cpt>
								<prob value="yes">0.0</prob>
								<prob value="no">1.0</prob>
							</cpt>
						</edge>
					</depends>
				</edge>
			</fragment>
			<fragment>
				<name>isRaining</name>
				<edge value="yes">
					<cpt>
						<prob value="yes">1.0</prob>
						<prob value="drizzle">0.0</prob>
						<prob value="no">0.0</prob>
					</cpt>
				</edge>
				<edge value="drizzle">
					<cpt>
						<prob value="yes">0.0</prob>
						<prob value="drizzle">1.0</prob>
						<prob value="no">0.0</prob>
					</cpt>
				</edge>
				<edge value="no">
					<cpt>
						<prob value="yes">0.0</prob>
						<prob value="drizzle">0.0</prob>
						<prob value="no">1.0</prob>
					</cpt>
				</edge>				
			</fragment>
			<fragment>
				<name>hasUmbrellaRobot</name>
				<edge value="yes">
					<cpt>
						<prob value="yes">1.0</prob>
						<prob value="no">0.0</prob>
					</cpt>
				</edge>
				<edge value="no">
					<cpt>
						<prob value="yes">0.0</prob>
						<prob value="no">1.0</prob>
					</cpt>
				</edge>
			</fragment>
			<fragment>
				<name>isAt</name>
				<edge value="office">
					<cpt>
						<prob value="office">0.1</prob>
						<prob value="shop">0.9</prob>
					</cpt>
				</edge>
				<edge value="shop">
					<cpt>
						<prob value="office">0.9</prob>
						<prob value="shop">0.1</prob>
					</cpt>
				</edge>
			</fragment>
		</action>
		<action>
			<name>deliverCoffee</name>
			<label>Deliver Coffee</label>
			<description>Have the robot deliver the coffee to user</description>
			<fragment>
				<name>hasCoffeeUser</name>
				<edge value="yes">
					<cpt>
						<prob value="yes">1.0</prob>
						<prob value="no">0.0</prob>
					</cpt>
				</edge>
				<edge value="no">
					<depends>
						<name>hasCoffeeRobot</name>
						<edge value="yes">
							<depends>
								<name>isAt</name>
								<edge value="office">
									<cpt>
										<prob value="yes">0.8</prob>
										<prob value="no">0.2</prob>
									</cpt>
								</edge>
								<edge value="shop">
									<cpt>
										<prob value="yes">0.0</prob>
										<prob value="no">1.0</prob>
									</cpt>
								</edge>
							</depends>
						</edge>
						<edge value="no">
							<cpt>
								<prob value="yes">0.0</prob>
								<prob value="no">1.0</prob>
							</cpt>
						</edge>
					</depends>
				</edge>
			</fragment>
			<fragment>
				<name>hasCoffeeRobot</name>
				<edge value="yes">
					<depends>
						<name>isAt</name>
						<edge value="office">
							<cpt>
								<prob value="yes">0.1</prob>
								<prob value="no">0.9</prob>
							</cpt>
						</edge>
						<edge value="shop">
							<cpt>
								<prob value="yes">0.2</prob>
								<prob value="no">0.8</prob>
							</cpt>
						</edge>
					</depends>
				</edge>
				<edge value="no">
					<cpt>
						<prob value="yes">0.0</prob>
						<prob value="no">1.0</prob>
					</cpt>
				</edge>
			</fragment>
			<fragment>
				<name>isWet</name>
				<edge value="yes">
					<cpt>
						<prob value="yes">1.0</prob>
						<prob value="no">0.0</prob>
					</cpt>
				</edge>
				<edge value="no">
					<cpt>
						<prob value="yes">0.0</prob>
						<prob value="no">1.0</prob>
					</cpt>
				</edge>
			</fragment>
			<fragment>
				<name>isRaining</name>
				<edge value="yes">
					<cpt>
						<prob value="yes">1.0</prob>
						<prob value="drizzle">0.0</prob>
						<prob value="no">0.0</prob>
					</cpt>
				</edge>
				<edge value="drizzle">
					<cpt>
						<prob value="yes">0.0</prob>
						<prob value="drizzle">1.0</prob>
						<prob value="no">0.0</prob>
					</cpt>
				</edge>
				<edge value="no">
					<cpt>
						<prob value="yes">0.0</prob>
						<prob value="drizzle">0.0</prob>
						<prob value="no">1.0</prob>
					</cpt>
				</edge>	
			</fragment>
			<fragment>
				<name>hasUmbrellaRobot</name>
				<edge value="yes">
					<cpt>
						<prob value="yes">1.0</prob>
						<prob value="no">0.0</prob>
					</cpt>
				</edge>
				<edge value="no">
					<cpt>
						<prob value="yes">0.0</prob>
						<prob value="no">1.0</prob>
					</cpt>
				</edge>
			</fragment>
			<fragment>
				<name>isAt</name>
				<edge value="office">
					<cpt>
						<prob value="office">1.0</prob>
						<prob value="shop">0.0</prob>
					</cpt>
				</edge>
				<edge value="shop">
					<cpt>
						<prob value="office">0.0</prob>
						<prob value="shop">1.0</prob>
					</cpt>
				</edge>
			</fragment>
		</action>
		<action>
			<name>getUmbrella</name>
			<label>Get Umbrella</label>
			<description>Have the robot get the umbrella</description>
			<fragment>
				<name>hasCoffeeUser</name>
				<edge value="yes">
					<cpt>
						<prob value="yes">1.0</prob>
						<prob value="no">0.0</prob>
					</cpt>
				</edge>
				<edge value="no">
					<cpt>
						<prob value="yes">0.0</prob>
						<prob value="no">1.0</prob>
					</cpt>
				</edge>
			</fragment>
			<fragment>
				<name>hasCoffeeRobot</name>
				<edge value="yes">
					<cpt>
						<prob value="yes">1.0</prob>
						<prob value="no">0.0</prob>
					</cpt>
				</edge>
				<edge value="no">
					<cpt>
						<prob value="yes">0.0</prob>
						<prob value="no">1.0</prob>
					</cpt>
				</edge>
			</fragment>
			<fragment>
				<name>isWet</name>
				<edge value="yes">
					<cpt>
						<prob value="yes">1.0</prob>
						<prob value="no">0.0</prob>
					</cpt>
				</edge>
				<edge value="no">
					<cpt>
						<prob value="yes">0.0</prob>
						<prob value="no">1.0</prob>
					</cpt>
				</edge>
			</fragment>
			<fragment>
				<name>isRaining</name>
				<edge value="yes">
					<cpt>
						<prob value="yes">1.0</prob>
						<prob value="drizzle">0.0</prob>
						<prob value="no">0.0</prob>
					</cpt>
				</edge>
				<edge value="drizzle">
					<cpt>
						<prob value="yes">0.0</prob>
						<prob value="drizzle">1.0</prob>
						<prob value="no">0.0</prob>
					</cpt>
				</edge>
				<edge value="no">
					<cpt>
						<prob value="yes">0.0</prob>
						<prob value="drizzle">0.0</prob>
						<prob value="no">1.0</prob>
					</cpt>
				</edge>	
			</fragment>
			<fragment>
				<name>hasUmbrellaRobot</name>
				<edge value="yes">
					<cpt>
						<prob value="yes">1.0</prob>
						<prob value="no">0.0</prob>
					</cpt>
				</edge>
				<edge value="no">
					<depends>
						<name>isAt</name>
						<edge value="office">
							<cpt>
								<prob value="yes">0.9</prob>
								<prob value="no">0.1</prob>
							</cpt>
						</edge>
						<edge value="shop">
							<cpt>
								<prob value="yes">0.0</prob>
								<prob value="no">1.0</prob>
							</cpt>
						</edge>
					</depends>
				</edge>
			</fragment>
			<fragment>
				<name>isAt</name>
				<edge value="office">
					<cpt>
						<prob value="office">1.0</prob>
						<prob value="shop">0.0</prob>
					</cpt>
				</edge>
				<edge value="shop">
					<cpt>
						<prob value="office">0.0</prob>
						<prob value="shop">1.0</prob>
					</cpt>
				</edge>
			</fragment>
		</action>
		<action>
			<name>getCoffee</name>
			<label>Get Coffee</label>
			<description>Have the robot get coffee</description>
			<fragment>
				<name>hasCoffeeUser</name>
				<edge value="yes">
					<cpt>
						<prob value="yes">1.0</prob>
						<prob value="no">0.0</prob>
					</cpt>
				</edge>
				<edge value="no">
					<cpt>
						<prob value="yes">0.0</prob>
						<prob value="no">1.0</prob>
					</cpt>
				</edge>
			</fragment>
			<fragment>
				<name>hasCoffeeRobot</name>
				<edge value="yes">
					<cpt>
						<prob value="yes">1.0</prob>
						<prob value="no">0.0</prob>
					</cpt>
				</edge>
				<edge value="no">
					<depends>
						<name>isAt</name>
						<edge value="office">
							<cpt>
								<prob value="yes">0.0</prob>
								<prob value="no">1.0</prob>
							</cpt>
						</edge>
						<edge value="shop">
							<cpt>
								<prob value="yes">0.9</prob>
								<prob value="no">0.1</prob>
							</cpt>
						</edge>
					</depends>
				</edge>
			</fragment>
			<fragment>
				<name>isWet</name>
				<edge value="yes">
					<cpt>
						<prob value="yes">1.0</prob>
						<prob value="no">0.0</prob>
					</cpt>
				</edge>
				<edge value="no">
					<cpt>
						<prob value="yes">0.0</prob>
						<prob value="no">1.0</prob>
					</cpt>
				</edge>
			</fragment>
			<fragment>
				<name>isRaining</name>
				<edge value="yes">
					<cpt>
						<prob value="yes">1.0</prob>
						<prob value="drizzle">0.0</prob>
						<prob value="no">0.0</prob>
					</cpt>
				</edge>
				<edge value="drizzle">
					<cpt>
						<prob value="yes">0.0</prob>
						<prob value="drizzle">1.0</prob>
						<prob value="no">0.0</prob>
					</cpt>
				</edge>
				<edge value="no">
					<cpt>
						<prob value="yes">0.0</prob>
						<prob value="drizzle">0.0</prob>
						<prob value="no">1.0</prob>
					</cpt>
				</edge>	
			</fragment>
			<fragment>
				<name>hasUmbrellaRobot</name>
				<edge value="yes">
					<cpt>
						<prob value="yes">1.0</prob>
						<prob value="no">0.0</prob>
					</cpt>
				</edge>
				<edge value="no">
					<cpt>
						<prob value="yes">0.0</prob>
						<prob value="no">1.0</prob>
					</cpt>
				</edge>
			</fragment>
			<fragment>
				<name>isAt</name>
				<edge value="office">
					<cpt>
						<prob value="office">1.0</prob>
						<prob value="shop">0.0</prob>
					</cpt>
				</edge>
				<edge value="shop">
					<cpt>
						<prob value="office">0.0</prob>
						<prob value="shop">1.0</prob>
					</cpt>
				</edge>
			</fragment>
		</action>
	</actions>
	
	<reward>
		<depends>
			<name>hasCoffeeUser</name>
			<depends_value>
				<name>yes</name>
				<depends>
					<name>isWet</name>
					<depends_value>
						<name>yes</name>
						<reward_value>0.9</reward_value>
					</depends_value>
					<depends_value>
						<name>no</name>
						<reward_value>1.0</reward_value>
					</depends_value>
				</depends>
			</depends_value>
			<depends_value>
				<name>no</name>
				<depends_value>
					<name>isWet</name>
					<depends_value>
						<name>yes</name>
						<reward_value>0.0</reward_value>
					</depends_value>
					<depends_value>
						<name>no</name>
						<reward_value>0.1</reward_value>
					</depends_value>
				</depends_value>
			</depends_value>
		</depends>
	</reward>
	<discount>0.9</discount>
	<tolerance>0.01</tolerance>
	
	<start_state>
		<attribute>
			<name>hasCoffeeUser</name>
			<value>no</value>
		</attribute>
		<attribute>
			<name>hasCoffeeRobot</name>
			<value>no</value>
		</attribute>
		<attribute>
			<name>isWet</name>
			<value>no</value>
		</attribute>
		<attribute>
			<name>isRaining</name>
			<value>drizzle</value>
		</attribute>
		<attribute>
			<name>hasUmbrellaRobot</name>
			<value>no</value>
		</attribute>
		<attribute>
			<name>isAt</name>
			<value>office</value>
		</attribute>
	</start_state>
	
	<plan>
	</plan>
	
	<preferences>
	</preferences>
	
</data>







